,mode,year,casualties,kasi,kasi_proportion,kasi_ci_low,kasi_ci_high,unknown_severity
0,escooter,2021,1102,313,0.28402903811252267,0.2581897129438566,0.31136889291795933,0
1,escooter,2022,1154,342,0.29636048526863085,0.2707237693809605,0.3233485113178846,0
2,escooter,2023,1117,321,0.2873769024171889,0.26160210118290295,0.31460920289431904,0
3,escooter,2024,1096,346,0.3156934306569343,0.288860249492289,0.34381412834539243,0
4,escooter,2025,1162,416,0.35800344234079173,0.33094750037259957,0.38599517863285027,0
5,pedal_cycle,2021,16895,4146,0.24539804675939628,0.23896749861009442,0.2519443518211209,0
6,pedal_cycle,2022,16155,3958,0.2450015475085113,0.23843044515440226,0.25169389643206397,0
7,pedal_cycle,2023,15506,3909,0.2520959628530891,0.24532335261415125,0.25899137874970724,0
8,pedal_cycle,2024,15149,3838,0.25335005610931416,0.2464871734162866,0.260338001869648,0
9,pedal_cycle,2025,16760,4534,0.27052505966587115,0.2638526581063769,0.2773026341268783,0
10,motorcycle,2021,16192,5216,0.3221343873517787,0.3149795662810043,0.32937358669129957,0
11,motorcycle,2022,17355,5703,0.3286084701815039,0.3216587779706228,0.33563402202819737,0
12,motorcycle,2023,17306,5518,0.3188489541199584,0.3119464153875332,0.3258318991176671,0
13,motorcycle,2024,16326,5548,0.33982604434644126,0.3325988452209486,0.347128605411518,0
14,motorcycle,2025,15774,6046,0.3832889565107138,0.37573091050170615,0.39090383629407865,0
