term,odds_ratio,ci_low,ci_high,p_value
Intercept,0.311656564358845,0.2781977393701175,0.349139480169306,4.922938731448132e-90
C(mode)[T.escooter],1.6349400283588973,1.501767122883116,1.7799223698535023,8.266761205571677e-30
C(mode)[T.motorcycle],1.4627384898857936,1.4164270149759874,1.5105641640347027,9.476977264452643e-119
C(age_band)[T.16-24],1.1523997363295977,1.079572125300456,1.2301402761051499,2.0563623678007086e-05
C(age_band)[T.25-34],1.1611356054284592,1.0873228203199408,1.2399591629990814,8.264301450663572e-06
C(age_band)[T.35-44],1.3118753698382402,1.225744047369104,1.404059020055739,4.702068843809494e-15
C(age_band)[T.45-54],1.5564641483895287,1.4524526080444666,1.6679240560445014,4.6643094697162347e-36
C(age_band)[T.55-64],1.8404373235147238,1.7144787284197596,1.9756497911805775,8.228552930622695e-64
C(age_band)[T.65+],2.2116638413690475,2.0390302171918195,2.3989134177500686,1.1215401823808e-81
C(sex_of_casualty_label)[T.Male],1.1302610932442143,1.083680559632006,1.1788438276824065,1.1802232291468821e-08
C(speed_limit_label)[T.30 mph],1.2201552875292927,1.1713265015209344,1.2710195865563987,1.3105568649141924e-21
C(speed_limit_label)[T.40 mph],1.5688761261393505,1.4698658477283046,1.6745557446443806,9.007638414480294e-42
C(speed_limit_label)[T.50 mph],1.7359916442463375,1.584687890438419,1.9017416660256945,2.026877142331148e-32
C(speed_limit_label)[T.60 mph],2.2114834461606536,2.0617122639424577,2.3721346175098947,5.122508597775589e-109
C(speed_limit_label)[T.70 mph],1.9372157272628543,1.7183279007826748,2.183986404600192,3.1121397942267545e-27
C(light_conditions_label)[T.Darkness - lights unlit],1.0830791209323587,0.9120832606905566,1.2861330020588948,0.36265768757631645
C(light_conditions_label)[T.Darkness - no lighting],0.9898006991407388,0.8964440588464828,1.0928795995147211,0.8392758055650236
C(light_conditions_label)[T.Daylight],0.8392859743636784,0.8079254929891813,0.8718637459469563,1.9281105903663936e-19
C(road_type_label)[T.One way street],0.7921187136813767,0.6983631499701176,0.8984610035496388,0.0002879933160796659
C(road_type_label)[T.Roundabout],0.6984388034452014,0.6434557279154414,0.7581201642859107,9.553144972164038e-18
C(road_type_label)[T.Single carriageway],1.1600863311931955,1.1021829610372904,1.2210316647924988,1.3138122133268692e-08
C(road_type_label)[T.Slip road],0.8547192769987211,0.7324078455718143,0.9974566041176915,0.04633993829874884
C(urban_or_rural_area_label)[T.Urban],0.7387500795672204,0.70669619364743,0.7722578456858782,8.041686973781185e-41
C(junction_detail_label)[T.Junction with more than four arms (not roundabout)],0.918559357800317,0.8100779260064892,1.0415680599544834,0.18523531959651918
C(junction_detail_label)[T.Not at junction or within 20 metres],1.0232123195878537,0.9702797481636314,1.0790325706971189,0.3971579120266522
C(junction_detail_label)[T.Other junction],0.9520913793582241,0.888039208554053,1.020763481968567,0.16708888044889247
C(junction_detail_label)[T.T or staggered junction],0.9288793406145704,0.8807931959849833,0.9795907068238405,0.006522676517826426
C(junction_detail_label)[T.Using private drive or entrance],0.9753746426840721,0.8752573630891969,1.0869439478158718,0.6518294075445639
