,mode,year,casualties,kasi_raw,kasi_adjusted,ibr_pct,difference
0,escooter,2021,1102,0.28402903811252267,0.300572831215971,27.858439201451908,0.016543793103448334
1,escooter,2022,1154,0.29636048526863085,0.30782720103986133,40.55459272097054,0.011466715771230485
2,escooter,2023,1117,0.2873769024171889,0.30184078782453,39.57027752909579,0.014463885407341115
3,escooter,2024,1096,0.3156934306569343,0.3257842700729927,71.71532846715328,0.010090839416058428
4,escooter,2025,1162,0.35800344234079173,0.3613656970740103,81.15318416523236,0.0033622547332185504
5,pedal_cycle,2021,16895,0.24539804675939628,0.26188668896123113,40.10062148564664,0.016488642201834852
6,pedal_cycle,2022,16155,0.2450015475085113,0.2596314298978645,42.01176106468586,0.014629882389353172
7,pedal_cycle,2023,15506,0.2520959628530891,0.2654864684638205,43.7830517219141,0.013390505610731407
8,pedal_cycle,2024,15149,0.25335005610931416,0.265396209650802,79.61581622549343,0.012046153541487858
9,pedal_cycle,2025,16760,0.27052505966587115,0.27593032637231507,86.01431980906922,0.005405266706443923
10,motorcycle,2021,16192,0.3221343873517787,0.33651152729743083,36.672430830039524,0.014377139945652151
11,motorcycle,2022,17355,0.3286084701815039,0.3419134036300778,39.00316911552867,0.013304933448573864
12,motorcycle,2023,17306,0.3188489541199584,0.33142734774066795,38.75534496706345,0.01257839362070956
13,motorcycle,2024,16326,0.33982604434644126,0.35327706480460613,79.17432316550288,0.013451020458164875
14,motorcycle,2025,15774,0.3832889565107138,0.3892900741726893,85.88817040699885,0.006001117661975475
